"tekst_id","tekst","methode","audio_id"
"9","economie Ik wil morgen met je naar de zee Ik wil het liefst naar het zwembad gaan Misschien kunnen we daar met de auto gaan aan de bak met de auto om uur of 11 rijden we 40 minuten en dan moeten we even kiezen of naar de Belgische Swim Canton Nederland Nederlandse is makkelijk te bereiken met de auto dus misschien daarheen Wat vind je van het idee Ga je mee","GOOGLE_ENKEL_NL_BE","1"
"10","et connais et que moi je n'ai","GOOGLE_NL_FR","1"
"11","ik hoor nee ik kan morgen met je naar de zee ik wil geklikt het erin gaan misschien kunnen we duidelijke ook doorheen gaan de pakken we de auto om nogmaals en een reden we veertig minuten en de moest even kiezen of naar de belgische swim kant op naar nederland gaan waar de nederlandse is makkelijk te bereiken met oud dus misschien karin wat vind je van het idee ga je mee","VOSK_SMALL","1"
"12","<unk> ik kan morgen met je naar de zee uh ik wil liefst naar een zin gaan 'n sync kunnen we daar met de auto heen gaan aan de plek waar de auto om ellen rijden we <unk> veertig minuten uhm en dan moeten we even kiezen of naar de belgische swing kantelt naar nederland gaan maar de uh nederlandse is makkelijk te bereiken met oud dus misschien daarheen <unk> wat vind je van het idee ga je mee","VOSK_BIG","1"
"13","dag oma Heb je zin om met mij mee naar de zee gaan morgen hoeft helemaal niks mee te nemen Ik zal alles voor je inpakken we ook met de auto Hoeveel uur of 11 Als je dat ziet zitten en dan gaan we naar het zwin waar je altijd heel graag heen wilt en Dan brengen we gewoon 's avonds weer thuis Zeg maar als je dat wil Oké dag","GOOGLE_ENKEL_NL_BE","2"
"14","dag oma Heb je zin om met mij mee naar de zee gaan morgen hoeft helemaal niks mee te nemen Ik zal alles voor je inpakken we ook met de auto Hoeveel uur of 11 Als je dat ziet zitten en dan gaan we naar het zwin waar je altijd heel graag heen wilt en Dan brengen we gewoon 's avonds weer thuis Zeg maar als je dat wil Oké dag","GOOGLE_NL_FR","2"
"15","dat we een pc en ook met mij mee naar de zee gaan morgen je hoeft helemaal niks mee te nemen ik alles voor je inpakken we gaan halen die op met de auto hoe uur of elf als je dat ziet zitten en dan gaan we naar het zwin waar je altijd heel graag een wilt en dan brengen weer gewoon sabels weer thuis zegt mag je dat veel oké dag","VOSK_SMALL","2"
"16","<unk> mail naar zee <unk> je hoeft helemaal niks mee te nemen alles voor je inpakken we gaan uh ali ook met de auto hoe euro of elf als je dat ziet zitten uh en dan gaan we naar 't zwin waar je altijd heel graag uh één wilt uhm en dan brengen weer gewoon 's avonds weer thuis zeg maar als je dat wil oké","VOSK_BIG","2"
"29","Hey Peter Wat dacht je van een dagje naar zee een dagje naar Oostende bijvoorbeeld Dan kunnen we je moeder te zoeken wanneer je een pakket mee En zwemgerief en we gaan ook een keer gaan zwemmen in het zwembad van Oostende We reden uiteraard met Tesla dat was gewoon top Zullen we","GOOGLE_ENKEL_NL_BE","5"
"30","Hey Peter Wat dacht je van een dagje naar zee een dagje naar Oostende bijvoorbeeld Dan kunnen we je moeder te zoeken wanneer je een pakket mee En zwemgerief en we gaan ook een keer gaan zwemmen in het zwembad van Oostende We reden uiteraard met Tesla dat was gewoon top Zullen we","GOOGLE_NL_FR","5"
"31","een pieter wat dacht je van dagje de zee pagina stem de per voor het kind dan kunnen we je moet depressie ook wanneer men en handdoeken pakket mee en zwemmen brief en gaan ook een en keer gaan zwemmen in het zwembad van een stemde reed en uiteraard met testen dat was gewoon top zullen we ","VOSK_SMALL","5"
"32","<unk> hee pieter wat dacht je van een dagje naar de zee een dagje naar ostende por pint ben kunnen me je moet roepen zulke waarnemen en handdoeken pakket mee en ons <unk> en we gaan ook een en gaan zwemmen in het zwembad van ostende wij redden uiteraard met <unk> dat wordt gewoon top we <unk>","VOSK_BIG","5"
"1","dag oma kan je morgen met ons mee naar de zee We komen je halen met de auto vertrekken om 9 uur Vergeet je zwempak niet mee te nemen want we gaan samen zwemmen in het zwembad van Oostende Natuurlijk gaan we ook iets lekkers eten en iets een lekkere koffie gaan drinken Pietje op om 9 uur Zorg dat je er bent oma","GOOGLE_ENKEL_NL_BE","6"
"2","dag oma kan je morgen met ons mee naar de zee We komen je halen met de auto vertrekken om 9 uur Vergeet je zwempak niet mee te nemen want we gaan samen zwemmen in het zwembad van Oostende Natuurlijk gaan we ook iets lekkers eten en iets een lekkere koffie gaan drinken Pietje op om 9 uur Zorg dat je er bent oma","GOOGLE_NL_FR","6"
"3","dag om geen je morgen met ons mee naar dit we komen je halen met de auto vertrekken om negen x vergeet ben bak niet mee te nemen waarom twee gaan samen zwemmen in het zwembad van stemde natuurlijk gaan we ook iets lekker het eten en iets een lekkere koffie drinken pietje op negen nieuws zo de tijd je er bent om","VOSK_SMALL","6"
"4","dag oma en je marion met ons mee naar tennessee we komen je halen met de auto vertrekken om negen uur vergeet je zwempak niet mee te nemen want wij gaan samen zullen maar in het zwembad van oostende natuurlijk gaan we ook iets lekkers eten en iets een lekkere koffie gaan drinken <unk> zorg dat je er bent gekomen","VOSK_BIG","6"
"21","Ik zal morgen naar de zee gaan we graag mee anders kunnen we samen rijden en goede wel oppikken Ik zou graag vrij vroeg vertrekken misschien dan anders Rond 8 uur pas om 9 uur aan Zee en kunnen we daar ontbijten of ergens gaan lunchen en dan nog een lange wandeling maken en dan iets eten en dat ik op dit terugkeren want ik moet de kinderen ophalen in de crèche Laat maar weten of u past en voor mij maakt badplaats niet gedacht dan aan die poort nog gezellig daar kunnen daar ook een wandeling maken misschien werken maar ik wil iets anders gaan dus laat maar weten wat dat voor u passen en hopelijk tot morgen dag","GOOGLE_ENKEL_NL_BE","7"
"22","Ik zal morgen naar de zee gaan we graag mee anders kunnen we samen rijden en goede wel oppikken Ik zou graag vrij vroeg vertrekken misschien dan anders Rond 8 uur pas om 9 uur aan Zee en kunnen we daar ontbijten of ergens gaan lunchen en dan nog een lange wandeling maken en dan iets eten en dat ik op dit terugkeren want ik moet de kinderen ophalen in de crèche Laat maar weten of u past en voor mij maakt badplaats niet gedacht dan aan die poort nog gezellig daar kunnen daar ook een wandeling maken misschien werken maar ik wil iets anders gaan dus laat maar weten wat dat voor u passen en hopelijk tot morgen dag","GOOGLE_NL_FR","7"
"23","ik zal morgen naar de te zie hem haar hier graag meer anders kunnen we samen ritme en ik bedoel ik en ik zag graag reed rijbroek voor de trekken en misschien anders rond acht uur bij u past is dat is er rond één uur aan zich en kunnen we daarom beter over gaan brunssum en misschien langer hoe je lange wandeling maken door het raam de een en dat is ook op dit terugkeren want ik moet de kinderen ophalen een de crash en langere biedt een favoriet past en voor meer badplaats neerstort zie je daar dan aan niet poort en is nog een gezellige bars en kunnen we daar ook een wandeling maken misschien tot en austen werken maar ik mark er ook ergens anders gaan dus laat maar weten wat voor u past en of heb er zin in hebt en hopelijk de modem daar","VOSK_SMALL","7"
"24","ik zal morgen naar de zee aan herengracht min anders kunnen we samen <unk> en <unk> ribbroek voor de trekken zien dat anders rond acht uur juli <unk> uh bashir rond negen uur aan zee en kunnen we daar ontbeten overheids gaan brunchen en misschien langer hoe je lange wandeling maken doen de rampdag nog iets eten en uh dan zou het terugkeren want ik moet de kinderen ophalen in de crèche en <unk> arbiter <unk> past en vermeer maakte badplaats <unk> gedacht aan uh annie poots uh er is wel gezellig dwars en daardoor corne wandeling makkum ziet het in oostduinkerke mark <unk> zich ook ergens anders gaan dus laat maar weten wat dat voor u was er nog verder zin in hebt en hopelijk tot morgen naar huis","VOSK_BIG","7"
"41","kijken naar de zee zou gaan en niet te gaan Ik wil jou oppikken bij vroeg vertrekken 's morgens dus misschien in koffie kan drinken en misschien een boterham eten en dan vertrekken anders pik ik je op zo rond een uur of 9 en voor mij maakt het niet uit waar dat we gaan Ik weet dat je graag naar de Nieuwpoort gaat daar vorige keer een zonnig terras en koffie samen hebben gedronken nog Laat maar weten of dat dat goed is voor u en Als je vragen hebt mag je ook mee werken en dan dan spreken we verder af dag","GOOGLE_ENKEL_NL_BE","8"
"42","kijken naar de zee zou gaan en niet te gaan Ik wil jou oppikken bij vroeg vertrekken 's morgens dus misschien in koffie kan drinken en misschien een boterham eten en dan vertrekken anders pik ik je op zo rond een uur of 9 en voor mij maakt het niet uit waar dat we gaan Ik weet dat je graag naar de Nieuwpoort gaat daar vorige keer een zonnig terras en koffie samen hebben gedronken nog Laat maar weten of dat dat goed is voor u en Als je vragen hebt mag je ook mee werken en dan dan spreken we verder af dag","GOOGLE_NL_FR","8"
"43","arme mensen ben ik ken de zes komt je krijgen zo gaan en en heel stil niet de hem ik die anders kom ik en bak zo vroeg waarin vloek voor de trekken 's morgens het is misschien de huid in daartussen hun koffie kunt drinken en alle missie boterham ik krap zitten en dan wat die wil vertrekken anders bekeken zo rond een uur of meer en toen men maken en uit waar dat we gaan graag naar de de niet gaat er voor hekjes dan zal ik er op het terras een koffie keer samen hebben gedronken hebt ik heb er ook dan het nog maar niet of dat de goed is voor u en als babytje graag meer maar ook meer alleen maar een lekker en dan dan spreken we ook werden het eraf alle maar niks aan te bieden ","VOSK_SMALL","8"
"44","<unk> <unk> <unk> te zijn werk graag worden <unk> gaan en <unk> uh ik u de jongens kom maar op ik max <unk> vroeg <unk> voor de trekken 's morgens uhm dus misschien de <unk> in uhm daartussen uw koffie kunt drinken en uh alle misschien nog een boterham ik er of zweten en dorothy <unk> overtrek ken anders bekeken joop zo rond een uur of negen en toen meemaken jeugd waren dat we gaan uh kweekte hij graag naderde nieborg schaatste smartlappen daarvoor heb is uh dan zal ik er op het terras een uh koffiekan samen naar <unk> <unk> uhm <unk> arbiter nog dat dat goed is voor nu en uh <unk> mag die ook meer uh alle hoeft maar een balken en dan uh dan spreken we wel werd het eraf allen <unk> den haag <unk>","VOSK_BIG","8"
"53","Ik heb een idee Gaan we morgen naar de zien dat ik heb daar wel Alleen ik heb er wel zin in dus een mooi weer en het gaat mooi weer zijn eventueel Oostende dat is niet zo ver met de trein en dan kunnen we 's Avonds gaan eten en een fles wijn delen dan moeten we ons geen zorgen maken over nog kunnen toch dacht eventueel op het strand zitten en muziek luisteren je box mee want die is beter tegen Sam bestaande meenemen en kunnen gaan winkelen ik heb nog iets nodig voor de Trouw van Arno en ik weet Ja wat foto's nemen dus misschien ook een fototoestel mee als niet geeft hè Zie je dat zetten","GOOGLE_ENKEL_NL_BE","9"
"54","Ik heb een idee Gaan we morgen naar de zien dat ik heb daar wel Alleen ik heb er wel zin in dus een mooi weer en het gaat mooi weer zijn eventueel Oostende dat is niet zo ver met de trein en dan kunnen we 's Avonds gaan eten en een fles wijn delen dan moeten we ons geen zorgen maken over nog kunnen toch dacht eventueel op het strand zitten en muziek luisteren je box mee want die is beter tegen Sam bestaande meenemen en kunnen gaan winkelen ik heb nog iets nodig voor de Trouw van Arno en ik weet Ja wat foto's nemen dus misschien ook een fototoestel mee als niet geeft hè Zie je dat zetten","GOOGLE_NL_FR","9"
"55","ik heb een idee maar rangers die naar buiten stapt u kent wel en ik heb er wel zijn en mooie manier in eventueel staan dat met de tram en dan kunnen we 's avonds hit en een flesje een deel dan moet je geen zorgen maken over nog kunnen traceren nog niet te trainen en haar toch een uurtje tot ja ik dacht u vindt zowel op het strand en muziek cyclus sprak gender is in boxmeer want die is pittig die een zou bestand ander maine kunnen winkelen ik heb nooit iets nodig voor de trouw en arno en kliniek nieuwe dus pak misschien ook u voldoet toestaan advies geeft daar zie je dat zetten","VOSK_SMALL","9"
"56","e <unk> <unk> een duits stop ik heb daar wel amerika werden wel zenne uhm dus zo'n mooie <unk> ostende das niet zo zomaar met te trainen en dan kunnen we 's avonds ga ze er een flashmob één dan moeten we ons geen zorgen maken over nog kunnen <unk> treedt in haar toch een uurtje <unk> toestanden uhm <unk> op het strand zutphen en muziek luisteren <unk> boxmeer want <unk> aankunnen uh ga winkelen heb nog iets nodig voor uh de van arno en uhm geniale <unk> fototoestel opsta zie je dat","VOSK_BIG","9"
"65","dag Moeke zeg Kijk ik een voorstel morgen in plaats van nou weer een heel de dag binnen zitten Sorry geniet met je mee willen laten zien esaki kruiden want de trein Dan gaat niet meer lukken naam is Nee hebt Ik zal ik rijden en we zullen we weer naar Zeebrugge gaan dat is niet zo ver kunnen onderweg wel stoppen voor de wc te gaan En als ik zal ik rijden moeten eerst maar meenemen mijn medicatie en dan zeg ik dat anders maar mee want anders als het verlies we kunnen tassen koffie drinken en zitten op de dijk en wit gekeken en dat de mensen en kunnen dan is een tweede schnitzel en moeke Mooren anders is goed Ja dus","GOOGLE_ENKEL_NL_BE","10"
"66","dag Moeke zeg Kijk ik een voorstel morgen in plaats van nou weer een heel de dag binnen zitten Sorry geniet met je mee willen laten zien esaki kruiden want de trein Dan gaat niet meer lukken naam is Nee hebt Ik zal ik rijden en we zullen we weer naar Zeebrugge gaan dat is niet zo ver kunnen onderweg wel stoppen voor de wc te gaan En als ik zal ik rijden moeten eerst maar meenemen mijn medicatie en dan zeg ik dat anders maar mee want anders als het verlies we kunnen tassen koffie drinken en zitten op de dijk en wit gekeken en dat de mensen en kunnen dan is een tweede schnitzel en moeke Mooren anders is goed Ja dus","GOOGLE_NL_FR","10"
"67","dagboek search kijk ik voor staal morgen en plaatsen naar hebben hier eeuw de dan binnen zetten ze de hier niet meer willen zie je zaak kikkererwten want trambaan niet meer leuke naam is kleur nee zal kikkererwten en we zullen wij zeebrugge haar was niet zo waren ook een onderweg was top over de wc te halen nou ik zou ik ik moet de je zus maar u kost meenemen bij medicatie en heeft dat anders maar daarmee wordt anders als verliezen kunnen tas koffie drinken en zetten op de ik een beetje keer kennen dat zie je en op de maan ze kunnen dan en sensuele scharnier te zetten armen hoeken ali more anders die tno vuur kwam hier waren schoon ja tis school","VOSK_SMALL","10"
"68","daar <unk> <unk> kijk ik ervoor voor staal morgen en plaatsen naar <unk> beelden dank zou zet zouden <unk> natie ietsje sakic hebben want het <unk> niet zou kick reder en we zullen wij naar zeebrugge gaan was niet zo ervaren mokumse onderweg was stoppen of naar de wc te halen en al zou 'k ik eerder moeten jazz maar usoc kost minieme mij medicatie en maar zij heeft dat anders maar aan mee want anders als verliezen aan welke het zoals een koffiedrinken en <unk> d ik <unk> keek ernaar nasi ietsje en op de maan zullen er kunnen dan accentueren scharniert zoals <unk> sutton aboe ali morgen anders teer tweeënhalf uur kwam keek waren esgoo moelker te school","VOSK_BIG","10"
"5","schat niet dat krokusvakantie is wil ik graag met de kinderen naar zee met de auto naar Nieuwpoort rijden dus dat het plezant kunnen we toch ook doorrijden of een ijsje gaan eten wat denk jij dat we om 9 uur vertrekken dan zijn we om een uur of 10 10:30 daar kunnen we gaan toch vandaag van maken en ook meedoen en dan iets gaan eten denk ik hè ik zal zien omdat je te reserveren","GOOGLE_ENKEL_NL_BE","11"
"6","schat niet dat krokusvakantie is wil ik graag met de kinderen naar zee met de auto naar Nieuwpoort rijden dus dat het plezant kunnen we toch ook doorrijden of een ijsje gaan eten wat denk jij dat we om 9 uur vertrekken dan zijn we om een uur of 10 10:30 daar kunnen we gaan toch vandaag van maken en ook meedoen en dan iets gaan eten denk ik hè ik zal zien omdat je te reserveren","GOOGLE_NL_FR","11"
"7","schat nu dat krokusvakantie is wil ik graag met de kinderen nadat hij zijn voelen met de auto dan die portret dus dat het wel plezant kunnen de hoe karin van ijsje gaan eten wat denk jij dezelfde manier om negen uur vertrekken we hebben om een uur of tien andere dat daar kunnen we gewoon toch van dag van bakken misschien de wandelschoenen ook meedoen en dan zal iets gaan eten denk ik heb ik zal het cinema de standje het reserveren ","VOSK_SMALL","11"
"8","<unk> schat <unk> willen graag met de kinderen naar de zee zijn <unk> <unk> gran <unk> gaan heten uhm wat denk jij zouden we niet om negen uur vertrekken dan zijn we om een uur of tien alhoewel als daar kun je nog een tof van dag van maken de wandelschoenen ook meedoen en dan uh ze hadden iets gaan eten denk ik zal eens efkes cinema restaurantje te reserveren ","VOSK_BIG","11"
"17","M morgen bij ons mee met de kinderen naar de zee Nieuwpoort gaan ja het is wel best handig joh dat aanvulling op de muur of 8:45 komen halen want jij zit toch altijd vroeg op en alles eens te laat gaan eten Ik hoor je morgen alles hè","GOOGLE_ENKEL_NL_BE","12"
"18","M morgen bij ons mee met de kinderen naar de zee Nieuwpoort gaan ja het is wel best handig joh dat aanvulling op de muur of 8:45 komen halen want jij zit toch altijd vroeg op en alles eens te laat gaan eten Ik hoor je morgen alles hè","GOOGLE_NL_FR","12"
"19","minder het geen gemeld meer met de kinderen nog zeer roman die boodschap dit spelen beste gaan de je vraag middels wat kan daar al ik wil heel graag een aanval in op doet de worden een uur of kwart voor negen komma ik was er in jan bakker iemand je toch altijd vroeg op en we zien zal misschien de te laat genieten op tijd u ben ik jullie is het goed cohen worden behandeld","VOSK_SMALL","12"
"20","een meter <unk> ons meer met de kinderen nog zeer <unk> ja het is wel het beste <unk> wo j <unk> op doede worden om een uur of kwart voor negen <unk> nee dan zeggen jan bakker iemand juist daar toch altijd vroeg op en nou eens iets anders ging het nu te laat gaan eten maar dan gehoopt dat u ben ik jullie is het goed dan kon je <unk>","VOSK_BIG","12"
"25","","GOOGLE_ENKEL_NL_BE","13"
"26","","GOOGLE_NL_FR","13"
"27","","VOSK_SMALL","13"
"28","<unk>","VOSK_BIG","13"
"33","wie grootmoeder Jelle Ik heb de eerste om je mee te nemen nasi Wat kun je doen en jij betaalt dat mag geen promille in zit grootmoeder","GOOGLE_ENKEL_NL_BE","14"
"34","wie grootmoeder Jelle Ik heb de eerste om je mee te nemen nasi Wat kun je doen en jij betaalt dat mag geen promille in zit grootmoeder","GOOGLE_NL_FR","14"
"35"," de jelle ik heb de in abu dhabi men natie wij kunnen werd te boeken jij bepaalt mag geen probleem niet niet redelijk goed dat de ","VOSK_SMALL","14"
"36","<unk> <unk> ik heb <unk> <unk> en <unk> <unk> mag geen prodi en wit <unk> ","VOSK_BIG","14"
"37","zeg toch ik heb echt wel zin om naar Cadzand te gaan jij ook om hoe laat gaan wij vertrekken ga ik zo voorstellen dat we om 10 uur vertrekken en kom jij bij mij langs en dan in zekere zwemgerief mee hè Ja ik heb echt zin terraske te doen en ja ook kunnen zwemmen","GOOGLE_ENKEL_NL_BE","19"
"38","zeg toch ik heb echt wel zin om naar Cadzand te gaan jij ook om hoe laat gaan wij vertrekken ga ik zo voorstellen dat we om 10 uur vertrekken en kom jij bij mij langs en dan in zekere zwemgerief mee hè Ja ik heb echt zin terraske te doen en ja ook kunnen zwemmen","GOOGLE_NL_FR","19"
"39","flash mob de zie je toch zin om de hoek en waren om laten vertrekken ik zou voorstellen om tien uur vertrekken en komt heb hem meer langs en dan in secrets archief meer tapijt en om hun terras kunt u een en hoek niet kunnen kiezen zwemmen","VOSK_SMALL","19"
"40","sizemore hangen en dan zie je toch uhm wel zin om naar cadzand dit jaar en ook uhm <unk> trekken uhm <unk> om na tien uur vertrekken en komt jij bij mij langs en dan uhm in secrets and grief meer en jaarkaart zijn om hun terrassen te doen en uh ja ook uh biedt kennis hartstikke zwemmen","VOSK_BIG","19"
"45","zeg Mummie Het is toch lang geleden dat wij nog een keer samen naar de zee geweest en hij hoest waar ik ook de pannenkoeken ofzo op de dijk Ik heb er echt wel zin in zeg wil jij morgen mee Ik zal ik komen ophalen om 2 uur dus ja wie goed doet goed je niet meer niet meer te doen hè Ik zou niet meer naar die kleine zonnesteek hebt","GOOGLE_ENKEL_NL_BE","20"
"46","zeg Mummie Het is toch lang geleden dat wij nog een keer samen naar de zee geweest en hij hoest waar ik ook de pannenkoeken ofzo op de dijk Ik heb er echt wel zin in zeg wil jij morgen mee Ik zal ik komen ophalen om 2 uur dus ja wie goed doet goed je niet meer niet meer te doen hè Ik zou niet meer naar die kleine zonnesteek hebt","GOOGLE_NL_FR","20"
"47","zijn mimi goh het is toch nam en liet naast zijn een keer samen naar de zien zijn liefst ik koek pannenkoeken op de index gorinchem en zij wilde hem mon ami ik zal ik kon en ophalen om twee uur kunt vries voet vergeet uw niet het niet te doen sony hebt staan nu","VOSK_SMALL","20"
"48","zei mimi da is toch lang en naast zijn daarmee nog ne keer samen naar de <unk> geweest en die mist en waar ik koek goh pannenkoeken zo op de tx gewoon <unk> zijn en zij wilde je monogamie en ik zal u komen ophalen om twee uur koets ja goed uhm <unk> uh zo ziet hoe cheney het niet te doen naar <unk> zones die kapt salut","VOSK_BIG","20"
"49","Hallo Amber om morgen mee te gaan naar de Zeeman ja ja ja ja gaan we daar naartoe gaan of met een trein met de trein weerbericht gezien dat dat ziet er niet uit We gaan het doen we gaan doen winterjassen zeker hè Ja is goed maar stoppenWanneer heb ik mijn compleet maken en dan terug wanneer heb je dat gezien en dan spreken we af","GOOGLE_ENKEL_NL_BE","21"
"50","Hallo Amber om morgen mee te gaan naar de Zeeman ja ja ja ja gaan we daar naartoe gaan of met een trein met de trein weerbericht gezien dat dat ziet er niet uit We gaan het doen we gaan doen winterjassen zeker hè Ja is goed maar stoppenWanneer heb ik mijn compleet maken en dan terug wanneer heb je dat gezien en dan spreken we af","GOOGLE_NL_FR","21"
"51"," hoe gaan we naar toe gaan met not to of meer mag je die eerste goede ik een drenthe ieders met op uw de dat het belangrijk is als je wat anders trek hoe bereik je die dat geeft niet meer niet meer dus we hadden we gaan maanden we laten ons mama ons dikke winterjassen lobby pakken zekere ja dat is nu zou niet zo bijzonder eenmaal voor camera doen accenten ik hier ik moest nu hebben we hebben route huis open zie een andere keer voor mij ander doen weken lang duren wanneer ik mijn entree maken en mee van amerika terecht wanneer meer dan wel is goed ik ben ik in bezien een dan spreken we af jou you","VOSK_SMALL","21"
"52","hallo morgen <unk> man wie dan ja rust we laten ons ja <unk> hoe ja waar eigenlijk gezien ja","VOSK_BIG","21"
"61","Goedemorgen Yvonne Yvonne morgen naar de zee gooit dan en dan kijken we gewoon Zalando jas en knuffelen en dan opvliegers rondlopen en dan pannenkoeken nog wat leuks doen in dat duurt doen hè","GOOGLE_ENKEL_NL_BE","22"
"62","Goedemorgen Yvonne Yvonne morgen naar de zee gooit dan en dan kijken we gewoon Zalando jas en knuffelen en dan opvliegers rondlopen en dan pannenkoeken nog wat leuks doen in dat duurt doen hè","GOOGLE_NL_FR","22"
"63","je mannelijke zo mooi je weer pagina de zie je gooit dan en hoofddoek een kans de not to karton en de not to unieke aantal meer onze motoren die ik iedereen aan waar men niet meer bepaald waaraan u en boer salland doen aan een goede jongen hoi hoi aan maar ook hier de rivier en alle omdat ik in rondlopen en daarom wel lekker rond en kamer pannenkoek de dieren dagblad nu toe neemt afwachten op vier duur toen en in en weten ","VOSK_SMALL","22"
"64","<unk> <unk> <unk> <unk> a hoi leuk ja u <unk>","VOSK_BIG","22"
"69","kan je zorgen dat er voldoende benzine in de auto is dat helemaal tot aan Oostende kunnen reizen nu vertrekken dan wandelen en restaurantjes in Oostende","GOOGLE_ENKEL_NL_BE","23"
"70","kan je zorgen dat er voldoende benzine in de auto is dat helemaal tot aan Oostende kunnen reizen nu vertrekken dan wandelen en restaurantjes in Oostende","GOOGLE_NL_FR","23"
"71","moeder en zo te zien kan je zorgen dat er voldoende benzine en te ook toen best gedaan had me helemaal plat aan daar kunnen we reizen zo de ramp nu nog meer vertrekken dan een kilo op het dat ik wandelen en dan 's middags lekker iets ziet een in de banden restaurantjes en als tijden ","VOSK_SMALL","23"
"72","morgen zal waarnaar naar een <unk> kleine zorgen dat er voldoende benzine in <unk> ook toen was toen aan dat me helemaal klappen aan ostende kunnen reizen <unk> nog meer vertrekken dan een kilo zette ik wandelen dans met as laat 'k er iets iets <unk> een van de restaurantjes in ostende ","VOSK_BIG","23"
"77","Zegt me om morgen mee te gaan naar de zee Dan kunnen we met de auto gaan de autostrade helemaal tot Oostende rijden zodat niet leuk zijn en dan gaan we daar een keer over de dijk wandelen dan kan ik kijken naar de vogels die vliegen en dan gaan we lekker jamjamjam iets gaan eten en één van de restaurantjes","GOOGLE_ENKEL_NL_BE","24"
"78","Zegt me om morgen mee te gaan naar de zee Dan kunnen we met de auto gaan de autostrade helemaal tot Oostende rijden zodat niet leuk zijn en dan gaan we daar een keer over de dijk wandelen dan kan ik kijken naar de vogels die vliegen en dan gaan we lekker jamjamjam iets gaan eten en één van de restaurantjes","GOOGLE_NL_FR","24"
"79","site manier zijn om morgen islamieten aan naar de zin kunnen met de auto wordt ook al straten helemaal tot tabel als het aan de reden zo dat niet leuk zijn aan dan aan de aarde en keren om te wandelen dan kan je keek alles type uitvliegen aan de haal lekkere niet jammer jan jan iets gaan eten en idem van de restaurantjes ","VOSK_SMALL","24"
"80","het staat me niet <unk> is mita aan narcisten dan kunnen we met de auto worden de autostrade hele malpertuis ostende <unk> zou dat niet leuk zijn en dan aan waar de aarde een keel de <unk> amandelen dan kan je kijken kaartnummer <unk> aan de haal wel lekker yang yang iets gaan eten het idee van de restaurantjes ","VOSK_BIG","24"
"93","schat ik heb een voorstel voor onze daguitstap naar zee die eigenlijk al een tijdje willen maken en zelfs om die morgen meteen te doen de trein van 8 uur dertig naar Koksijde te kunnen nemen vanuit het station ja dan zien we wel waar het openbaar vervoer ons naartoe kan brengen en een lange wandeling op het strand kunnen maken ook in de duinen We zouden het centrum Kunnen bezoeken en natuurlijk ook het Delvaux museum en over de over de middag Dan vinden we wel leuk restaurant om een hapje te eten en Ieder half uur is er een trein die ons terug thuis kan brengen","GOOGLE_ENKEL_NL_BE","25"
"94","schat ik heb een voorstel voor onze daguitstap naar zee die eigenlijk al een tijdje willen maken en zelfs om die morgen meteen te doen de trein van 8 uur dertig naar Koksijde te kunnen nemen vanuit het station ja dan zien we wel waar het openbaar vervoer ons naartoe kan brengen en een lange wandeling op het strand kunnen maken ook in de duinen We zouden het centrum Kunnen bezoeken en natuurlijk ook het Delvaux museum en over de over de middag Dan vinden we wel leuk restaurant om een hapje te eten en Ieder half uur is er een trein die ons terug thuis kan brengen","GOOGLE_NL_FR","25"
"95","wat ik heb toegevoegd onze het stapt naar het hierbij willen maken en zoals om die mogelijke maar mijn team te doen de trend te kunnen nemen van het het station hier wil wonen waar het openbaar vervoer ons naar toe kan brengen zal het na een lange wandeling op het strand kunnen maken op kende samsung kunnen bezoeken koek het museum en de naam de met ook vinden we waren gewoon een leuk restaurant om een hapje te eten en ieder half uur en het die ons terug kan brengen ","VOSK_SMALL","25"
"96","<unk> hoe onze dag hun stapt naar zie ik hiermee hun kan een thatcher willen maken en zelfs om die mogen maar meteen te doen de van acht uur dertig naar kok sirte kunnen nemen vanuit het station ja als nieuwe wou waren het openbare <unk> naartoe kan brengen en bezorgde lange wandeling op het strand kunnen maken ook kende de ne <unk> kunnen bezoeken en natuurlijk ook het <unk> museum en overal de nam na over de middag op hun wangen <unk> johansen om een hapje te eten en ieder half uur een <unk> er een trein die ons terug te <unk>","VOSK_BIG","25"
"57","Ja morgen de wekker niet zoeken naar het zitje gaan en het is al de hele tijd andere van klappen en we zouden toch beter een keer doen hè Zeg moesten we nu een keer morgen 's morgens 's morgens 8:30 trein nemen naar Koksijde station gaan we dan wel zien of dat er een bus en de bus die van ons dan wel overal naartoe brengen Ja en we kunnen wij wandelingske maken op het strand gingen de deuren ook nog doen die hebben kunnen keer naar de winkels gaan kijken het centrum en als goesting hebt goesting hebt Ik heb ook nog een keer dat Daarvoor is goed Dan kunnen we daar ook nog een keer naartoe gaan en 's middags vergeten Ja restaurantje We gaan wel een restaurantje vinden want anders stukske kunnen eten hè en elk halfuurEsther de trein en als je weer naar huis wilt komen dan kunnen we om 12 uur terugkeren","GOOGLE_ENKEL_NL_BE","26"
"58","Ja morgen de wekker niet zoeken naar het zitje gaan en het is al de hele tijd andere van klappen en we zouden toch beter een keer doen hè Zeg moesten we nu een keer morgen 's morgens 's morgens 8:30 trein nemen naar Koksijde station gaan we dan wel zien of dat er een bus en de bus die van ons dan wel overal naartoe brengen Ja en we kunnen wij wandelingske maken op het strand gingen de deuren ook nog doen die hebben kunnen keer naar de winkels gaan kijken het centrum en als goesting hebt goesting hebt Ik heb ook nog een keer dat Daarvoor is goed Dan kunnen we daar ook nog een keer naartoe gaan en 's middags vergeten Ja restaurantje We gaan wel een restaurantje vinden want anders stukske kunnen eten hè en elk halfuurEsther de trein en als je weer naar huis wilt komen dan kunnen we om 12 uur terugkeren","GOOGLE_NL_FR","26"
"59","mietje morgen zal ik er niet toe per nacht ziet haan zo heel een ted van klappen en we zullen dat de de keer naar moesten we niet meer mogelijk 's morgens 's morgens toveren in een te nemen koks te eten hier john haar met of dat er een buttons de in het allemaal overal naar toe brengen we kunnen weer een wandeling maken op het strand wandeling scannen de nooit doen we kunnen de winkel scherm keken een van drum en als verwoesting hebt als gehoest ik heb daar nog een keer fries museum kunnen er ook nog een keer toe haar middags die restaurantje waar havana restaurantje vinden want anders stuks kunnen niet meer een auto huren en als geweren naar de wilt komen om te vuren terugkeren ","VOSK_SMALL","26"
"60","een minpuntje morgen zal weken niet toe echt fitschen haan uit dan zal de hele tijd armere van klappen en we zullen dat ook beter en ik hier doe na zeg moesten we nu ne keer mogen 's morgens 's morgens tal van negen tot trein nemen naar koksijde en aan het station me dan wel zien of dat er een bul zes aan de busdienst al ons daar wel overal naartoe brengen ah hebben kunnen wij een wandeling kan maken op het strand kennende <unk> nog doen we kunnen naar de winkels gaan kijken in het centrum en als ge goesting hebt als ge goesting herten gemok nog eens een keer dat daar een vrees hoe museum daar kunnen we daar ook nog een keer naartoe gegaan en 's middags vertier ja restaurantje waar haar wallen restaurantje venter want een stukske kunnen niet te na hier aan alcohol vuur echter in het terrein en als geweren naar de <unk> komen dan cuba om town vuur terugkeer voorlaatst hè","VOSK_BIG","26"
"73","Dag schat Ik zou graag morgen naar zee gaan en ik vraag me af of je zin hebt om mee te gaan we zouden al voor de middag kunnen vertrekken originele dag van te maken wat denk je ervan bijvoorbeeld 1 uur of 10 kunnen weer thuis nu nog ontbijten kunnen met de auto rijden dan zijn we onafhankelijk om terug te keren wanneer je wil wanneer we zelf willen ik had gedacht om Middelkerke te nemen omdat mijn ouders daar toen we kind waren altijd naar hetzelfde appartementje gingen","GOOGLE_ENKEL_NL_BE","27"
"74","Dag schat Ik zou graag morgen naar zee gaan en ik vraag me af of je zin hebt om mee te gaan we zouden al voor de middag kunnen vertrekken originele dag van te maken wat denk je ervan bijvoorbeeld 1 uur of 10 kunnen weer thuis nu nog ontbijten kunnen met de auto rijden dan zijn we onafhankelijk om terug te keren wanneer je wil wanneer we zelf willen ik had gedacht om Middelkerke te nemen omdat mijn ouders daar toen we kind waren altijd naar hetzelfde appartementje gingen","GOOGLE_NL_FR","27"
"75","dutch card ik zo graag morgen een zegen en ik vraag mij af of je zin hebt om niet te we zouden al voor de middag kunnen verstrekken om er een hele dag van te maken wordt en kinderen persgroep moeten minuut of tien kunnen weer thuis manier nog beter kunnen met de auto dan zijn woonden aanvankelijk om terug te keren wanneer u willen van we zelf willen en ik had gedacht om met het kerk te nemen omdat mijn ouders thuis toen toe kind waren altijd naar hetzelfde appartement je gingen ","VOSK_SMALL","27"
"76","dag schat ik zou graag morgen naar zege en ik vraag me af of je zin hebt om mee te gaan uhm nou voor de middag kunnen verstrekken om een hele dag van te maken denk je durven bijvoorbeeld natuur- of tien kunnen weer thuis nu maar ontbijten kunnen met de autorijder dan zijn we onafhankelijk om terug te keren wanneer je wil van hier ben zelf willen en ik had gedacht om uh middelkerke op te nemen omdat mijn auto stuivers toen ik een kind waren altijd naar hetzelfde appartementje gingen ","VOSK_BIG","27"
"81","dag omaatje Ik zou graag morgen naar ziekenhuis Wat denk je ervan zo lang over gesproken Heb je zin om mee te gaan We kunnen naar het appartement gegaan in Middelkerke Waar ik vaak dingen mee om weet je nog zou jij een slaatje kunnen meenemen zoals je dat zo lekker kan maken hè we kunnen vroeg vertrekken dan ben je op tijd thuis om mijn familie te kijken We zullen met de auto gaan wat denk je eraan","GOOGLE_ENKEL_NL_BE","28"
"82","dag omaatje Ik zou graag morgen naar ziekenhuis Wat denk je ervan zo lang over gesproken Heb je zin om mee te gaan We kunnen naar het appartement gegaan in Middelkerke Waar ik vaak dingen mee om weet je nog zou jij een slaatje kunnen meenemen zoals je dat zo lekker kan maken hè we kunnen vroeg vertrekken dan ben je op tijd thuis om mijn familie te kijken We zullen met de auto gaan wat denk je eraan","GOOGLE_NL_FR","28"
"83","ja gewoon je ik zou graag morgen mc wat denk je gaan de droge zomaar over de besproken heb je zin om mee te gaan we kunnen naar het appartement zich aan in middelkerke waar vroeger ik vaak gingen mee ons boeken weet je dat zo jij en slaap je kunnen meenemen zoals zitten zo lekker kan maken en dan kunnen vroeg genoeg vertrekken een ben je op tijd thuis maar familie te kijken en we zullen met de auto gaan denk kinderen ","VOSK_SMALL","28"
"84","ik zo graag morgen naar wat denk je daarvan zolang het roken heb je zin om mee te gaan naar het appartementje gaan in middelkerke waar vroeger vaak gingen ons snooker weet je nog zou jij een slaatje kunnen meenemen zoals hij dat zo lekker kan maken hè we kunnen vroeg genoeg vertrekken een mij op tijd thuis om naar hun familie te kijken en we zullen met de auto gaan dan denk je d'r ","VOSK_BIG","28"
"89","Zet op zender om naartoe te gaan Ik dacht om niet te laten vertrekken zorgen om 12 uur ofzo aan het station gent-sint-pieters trein te pakken en moest je bijvoorbeeld drinken meepakken ofzo en dan voor problemen dan kunnen wij eigenlijk gewoon","GOOGLE_ENKEL_NL_BE","29"
"90","ça va pour 13h ça va","GOOGLE_NL_FR","29"
"91","je zodat ze en om in de ziet aan ik dacht te laten vertrekken zo rond elf uur ofzo station sint pieters en werden dan de trend te pakken en ja moest je bijvoorbeeld een trein kunnen meer pakken nog zonder zorg voor het probleem niet in een kunnen werkelijk gewoon het zal niet ze houden ze zover","VOSK_SMALL","29"
"92","en je zal tot zijn uh om om morgen naar een ziet aan uhm <unk> aan u te laat gek zon rond elf uur of zo aan station uh <unk> dan het gen arke en uhm ja moest je bijvoorbeeld uh uh drank kunnen meer nog zon zorgt voor uh waar je niet in een uh <unk> on uh zal <unk> ze <unk>","VOSK_BIG","29"
"109","Hey Oma ik zou anders zou je toch vinden moesten we zo samen naar de zee ga morgen ik ga dan jou misschien oppikken Jij moet niks doen dan Ik kom gewoon met de auto naar jou en dan rijden we samen rustig naar naar de zee en mocht je iets meepakken Waarom als je iets speciaals wilt eten of drinken ofzo Ja dat kan hè Dat is misschien ook belangrijk maar ik kom jou gewoon nog pakken dan op je op bij jou thuis of om 12 uur","GOOGLE_ENKEL_NL_BE","30"
"110","et Omar XX bonhomme comme quoi on est pas comme ça va","GOOGLE_NL_FR","30"
"111","oma maar ik zou om een ze zou je toch vinden moesten wij zullen samen naar de zie ik haar mooi ik krijgt dan jou misschien op pieten er moet niks doen dan concours met de auto naar jou een en samen ook een stitch neuken naar de zie en jarige mocht je iets meer pakken misschien wel als je iets speciaals wilt die de mijn vriend nog zo ja zien juni wil channel in zeker aan actoren chant slangetje niet meer kan er zo'n zonder tram dat is misschien ook wel op maar ik kom je ook een op pakken dan op putin op bij jou com talen die wel","VOSK_SMALL","30"
"112","hé oma uhm ik zou anders zou je toch fine moesten werken zoals samen naar muziek aan <unk> uhm ik ga dan uh jou misschien op pietje hè uh er moet niks doen dan concours met de auto naar jou en <unk> hebben samen rustig naar uh uh naar uh dat zie en uh jaag mocht jij iets meer knud <unk> ja als iets uh speciaals <unk> ja <unk> <unk> hè ne uh zo'n zonnecrème das misschien elke <unk> uhm maar ik kom jou gewonnen pakken dan uh op je kin op uh bij jou thuis om twaalf uur sir","VOSK_BIG","30"
"85","hallo hallo kom morgen en de trein pakken dan iets van 10 meter en dan moeten we dus dan gaan we samen","GOOGLE_ENKEL_NL_BE","31"
"86","hallo hallo kom morgen en de trein pakken dan iets van 10 meter en dan moeten we dus dan gaan we samen","GOOGLE_NL_FR","31"
"87","    is wel een dan cock school voor tien ontstond haast dan een zo terug vanaf september onderstaande stappen ze peter van wel eens langs en dan ik denk dat ik ze zelf verandering wandeling oekraïense dus dagobert zullen kosten zeeland dat zoeken moeilijkste moest tini en het turkse club weer op korte termijn toch bleef met dan bouwers er worden saai beschieting de cijfers next oké","VOSK_SMALL","31"
"88","<unk> oh <unk> <unk> <unk> <unk> <unk> uh <unk> op en daar uh haal terwijl wel uh ook van het <unk> <unk> osman kasten en dan <unk> uh het al van <unk> <unk> de bal af <unk> bedankt ook de <unk>","VOSK_BIG","31"
"101","Je hoort mij hoor je mij Ik zing niet of je mij hoort Oké Moeke vertrek vanuit Antwerpen met de taxi taxi dat ook een rolstoel en kan dus heb dat verteld even of we gaan dat doen in wordt vergoed Wat kan een beetje frisjes zijn Het is nog lente en we komen aan in Oostende pannenkoeken gaan eten ofzo Hè Alles is weer open en dan moet jij niks meenemen behalve hoe je muts en een dikke sjaal de rest en ik ben erbij en misschien wel Anke ook mee tegen 3 uur gaan wij dan waarschijnlijkanders voelen ja oké tot morgen hè Moeke dag","GOOGLE_ENKEL_NL_BE","32"
"102","Je hoort mij hoor je mij Ik zing niet of je mij hoort Oké Moeke vertrek vanuit Antwerpen met de taxi taxi dat ook een rolstoel en kan dus heb dat verteld even of we gaan dat doen in wordt vergoed Wat kan een beetje frisjes zijn Het is nog lente en we komen aan in Oostende pannenkoeken gaan eten ofzo Hè Alles is weer open en dan moet jij niks meenemen behalve hoe je muts en een dikke sjaal de rest en ik ben erbij en misschien wel Anke ook mee tegen 3 uur gaan wij dan waarschijnlijkanders voelen ja oké tot morgen hè Moeke dag","GOOGLE_NL_FR","32"
"103","wordt ik zie niets je gehoord ook en mokken console gesprek je dat kon halen we vertrekken vanuit antwerpen met de taxi tussen soort taxi met dat klopt een rolstoel in kan dus heb toch verteld de genoeg gedaan en kinderen zeer wolken gaan dat toen morgen voor goede simpel wel goed in te vullen wat kan ik beetje fiscus dus nog een lente en komen aan in of de een dan zo op de zie het dek pannenkoek toen opzoeken alle ze spelen open cola en dan moet je niks mee nemen we hopen hoe je mutsen een dikke show op de rest we wel discussie met de sub b en ik ben een pet en misschien anke ook mee die in drie drie u bent dan waarschijnlijk al terug komen maar toch ook wel je hoe het anders voelen ja zo'n tot morgen boeken","VOSK_SMALL","32"
"104","<unk> rot op ook een uh uh <unk> uh vertrekken van het al <unk> met de taxi soort taxi dat er een roze kan incasseren tussen <unk> zero <unk> zijn wel xxx ze ik dus nog lente om een in oss dick aan eten of zo alles is open niks meenemen hoe ze een show west <unk> en ik ben een <unk> u <unk> tot morgen ","VOSK_BIG","32"
"117","x Ik ben van plan om morgen naar de zee te gaan Ik zou morgen om 10:30 Wekken om met de wagen naar de 's morgens ook een wandelingetje maken en ze Dijk 's middags een pannenkoek eten en in de namiddag nog wat op het strand zitten wat ik van misschien is het goed als je een picknick voorziet Ik zorg voor koffiekoeken 's morgens vroeg en dan eten we 's avonds een bakje friet om dan tegen 9:30 terug thuis te zijn denk dat we zoiets Rond 8 uur 30 zelfs zullen vertrekken Wat neem je nog meer aan badpak om eventjes in de zee te gaan en een handdoek en een spelletje voor op het strand Verras me maar Oké perfect Tot morgen dankan alles gedichten Wat is goed","GOOGLE_ENKEL_NL_BE","33"
"118","XXL calendrier ce qu'ils foutent ancien un pique-nique roses quand un homme est triste30 € OK moi aussi reste","GOOGLE_NL_FR","33"
"119","x ik ben wel plan om naar de zitten ja ik zomer een om zeven dertig willen vertrekken om met de wagen naar de panne te redden 's morgens ik wandeling maken en ze dek sunny index van pannenkoek eten en in de ruime nog wat op het strand zitten wat ik van jou verwacht misschien is het goed als je dan picknick vul ziet ik zeg koffiekoeken 's morgens vroeg en dan eten was avonds om bakje friet om dan d en een uur of tien terug thuis te zijn denk wel dat zoiets grond echt duurt dertig 's avonds zullen vertrekken wat neem je nog meer aan badpak om eventjes in de zitten en een handdoek en een spelletje waarop het strand verras me maar keer perfect tot morgen dan kern alles gezichten kan ik wat is van stoppen  ","VOSK_SMALL","33"
"120","<unk> maar ik ben wel plan om morgen naar de zitting aan ik zou morgen om zevenendertig willen vertrekken om met een wagen naar de panne te redden 's morgens suiker wandelingen maken langs de dijk 's middags een pannenkoek eten en <unk> god op het strand zitten wat ik van jou verwacht misschien is het goed als je een picknick voorziet <unk> 's morgens vroeg en dan eten we samen was omdat je friet om dan tegen een uur of tien truus thuis te zijn denkt helder zoiets rond acht uur dertig was zullen vertrekken wat neem je nog mee aan badpak om eventjes in de <unk> en een handdruk en een spelletje waarop het strand verrast maar <unk> perfect tot morgen dan campbell als gezichten ik <unk> nee","VOSK_BIG","33"
"97","Lieveke Ik zou morgen graag naar zee gaan ze voorspellen prachtig weer kunnen we de fietsen meenemen als we vroeg vertrekken zo Rond 8 uur kunnen we fietsen van Knokke naar Oostende daar is eten en daarna nog verder fietsen tot een Middelkerke om een bezoek te brengen aan je zus wat denk je","GOOGLE_ENKEL_NL_BE","41"
"98","Lieveke Ik zou morgen graag naar zee gaan ze voorspellen prachtig weer kunnen we de fietsen meenemen als we vroeg vertrekken zo Rond 8 uur kunnen we fietsen van Knokke naar Oostende daar is eten en daarna nog verder fietsen tot een Middelkerke om een bezoek te brengen aan je zus wat denk je","GOOGLE_NL_FR","41"
"99"," ik zou worden een raden naar de ik aan ze voorspellen een prachtige weet kunnen we de fietsen meenemen als door vroeg vertrekken zo rond acht uur 's morgens kunnen we fietsen wel knokken nabestaanden daar het eten en daarna nog verder fietsen tot en met het keuken om een bezoek te brengen aan de zus wat denk je ","VOSK_SMALL","41"
"100","<unk> willeke ik zo raar naar zee gaan ze voorspellen een prachtig weer kunnen we de fietsen meenemen als we vroeg vertrekken zo rond acht uur smorgens kunnen we fietsen van knokken naar oostende daar iets eten en daarna nog <unk> om een bezoek te brengen aan jezus wat denk je ","VOSK_BIG","41"
"105","GAMMA We gaan met de auto zodat we de rollator kunnen meenemen om een wandeling te maken op de dijk van Middelkerke We eten iets kleins middags en kunnen ook nog een pannenkoeken eten voor we terugkeren naar huis","GOOGLE_ENKEL_NL_BE","42"
"106","sama","GOOGLE_NL_FR","42"
"107","maar molenaar samen niet naar die service alle prachtig waar met de auto zodat we de roularta kunnen bieden we een ander wandelingetje te maken op de dec van met kerken we eten iets claimt dacht een kunnen ook nam pannenkoek eten voor hebben terugkeren naar huis ","VOSK_SMALL","42"
"108","staan molenaar samen iets naar zee ze versmallen brachten hier we haar de auto zodat we de euro later kunnen minieme om een wandelingetje te maken op de dijk van middelkerke met eten iets kleins 's middags en kunnen ook nam een pannenkoek <unk> eten voor we terugkeren naar huis <unk> ","VOSK_BIG","42"
"113","Zou je het leuk vinden om morgen een uitstapje te maken Naar De Kust We kunnen dan misschien om 9 uur met de auto gaan Ik dacht bijvoorbeeld Cadzand stukje wandelen en dan misschien even aan het strand zitten Zou je daar zin in hebben","GOOGLE_ENKEL_NL_BE","43"
"114","Zou je het leuk vinden om morgen een uitstapje te maken Naar De Kust We kunnen dan misschien om 9 uur met de auto gaan Ik dacht bijvoorbeeld Cadzand stukje wandelen en dan misschien even aan het strand zitten Zou je daar zin in hebben","GOOGLE_NL_FR","43"
"115","zou het leuk vinden om morgen een uitstapje te maken naar de kust we kunnen dan misschien om negen uur de met de auto gaan ik dacht bijvoorbeeld aan kat zand dan kunnen wel een stukje wandelen en dan misschien even aan het strand zitten zou je er zin in hebben ","VOSK_SMALL","43"
"116","ik zou het leuk vinden om morgen een uitstapje te maken we kunnen dan misschien om negen uur auto gaan uh ik dacht bijvoorbeeld aan cadzand uh daar kunnen we nog een stukje wandelen en misschien even aan het strand zitten zou je daar zin in","VOSK_BIG","43"
"125","Het lijkt me leuk om morgen naar het strand te gaan zou het leuk om mee te gaan dan misschien de trein gaan maar dan moeten we wel even kijken als je niet zo goed ter been bent hoe naar het station komen ja kan je met de auto ophalen of naar de bus begeleiden dan naar het station gaan ja moeten we eventjes naar kijken Misschien moet je ook nadenken misschien goede schoenen vergeten en dat ze ook een voldoende tijd om even uit te rusten en op tijd weer terug te gaan met de trein","GOOGLE_ENKEL_NL_BE","44"
"126","Het lijkt me leuk om morgen naar het strand te gaan zou het leuk om mee te gaan dan misschien de trein gaan maar dan moeten we wel even kijken als je niet zo goed ter been bent hoe naar het station komen ja kan je met de auto ophalen of naar de bus begeleiden dan naar het station gaan ja moeten we eventjes naar kijken Misschien moet je ook nadenken misschien goede schoenen vergeten en dat ze ook een voldoende tijd om even uit te rusten en op tijd weer terug te gaan met de trein","GOOGLE_NL_FR","44"
"127","het lijkt me leuk om morgen naar het strand gaan zou het leuk om mee te gaan misschien training gaan maar dat moet wel even kijken niet zo goed ter been bent hoe naar het station komen kan je met de auto ophalen of naar de pluspunten alleen dan het station gaan moeten we eventjes naar keizer misschien ook nadenken wat je allemaal nodig schippers stand misschien een goede schoenen wandelstok niet vergeten en dat ze ook een voldoende tijd reserveren meegenomen uit te rusten en op tijd terug te gaan de mee  ","VOSK_SMALL","44"
"128","kom morgen naar de stranden zijn om uh <unk> train gaan uh zo even kijken ja maar als je niet zo goed ter been en uh hoe naar het station komen uhm dakar auto halen of <unk> naar de bus begeleiden dan naar het station gaan uh ja moeten we eventjes uh uh <unk> uh <unk> een goeie schoenen hoe uh mandelson heet uh en uh dat ook een <unk> <unk> uh reserveren maar even uitrusten en uh op tijd terug te gaan om te nee <unk> ","VOSK_BIG","44"
"121","Hey dag schat Ik dacht om morgen te maken voor u zeker niet vergeten om handdoeken en eventuele zonnecrème mee te nemen want zij was ook vroeg mogelijk vertrekken als we met de auto gaan ze zit daar liever met die trein had om eventueel de files ontwijken Ik dacht misschien naar Oostende Of en ja gewoon een beetje raar en een terras kunnen doen wat denk je ervan","GOOGLE_ENKEL_NL_BE","47"
"122","Hey dag schat Ik dacht om morgen te maken voor u zeker niet vergeten om handdoeken en eventuele zonnecrème mee te nemen want zij was ook vroeg mogelijk vertrekken als we met de auto gaan ze zit daar liever met die trein had om eventueel de files ontwijken Ik dacht misschien naar Oostende Of en ja gewoon een beetje raar en een terras kunnen doen wat denk je ervan","GOOGLE_NL_FR","47"
"123","dat schept ik dacht om hun kennis takken te maken en dat zie zeer hoe historie zeker niet de eerste als op te zien komen om handdoeken en te bieden zonder crème mee te nemen wat zeker tot maar ook hoe weer op sceptisch terwijl zo vroeg mogelijk vertrek en als we met de nota want te zetten liepen met interesse had om in te willen file stond werken ik dacht misschien ontstellende of of planken bij me koek en hoe een beetje lax er iets van dit en een terras en doen wat denkt de de van ","VOSK_SMALL","47"
"124","<unk> ja <unk> <unk> <unk> met <unk> <unk> ah ja <unk>","VOSK_BIG","47"
"137","dag moeder Ik zal morgen naar unieke willen dan stop ik hem morgen naar de zee ja dat is lang geleden hè dat is gewoon een keer plezant hè maar ja moet wel zeker als we morgen ook niet vergeten mee te nemen dat ze een medicijn dat moet zeker niet vergeten en een Ziekenhuisgroep behoeften zijn hè We zullen misschien best vertrekken als de thuisverzorging en opgefrist Heit en helemaal niks meer moet kijken en dan vertrekken met de wagen Hè wat moeilijkerWat betekent Oostende Of op een camping gestoord zijn hè hè ik zal dus morgen komen halen hè","GOOGLE_ENKEL_NL_BE","48"
"138","dag moeder Ik zal morgen naar unieke willen dan stop ik hem morgen naar de zee ja dat is lang geleden hè dat is gewoon een keer plezant hè maar ja moet wel zeker als we morgen ook niet vergeten mee te nemen dat ze een medicijn dat moet zeker niet vergeten en een Ziekenhuisgroep behoeften zijn hè We zullen misschien best vertrekken als de thuisverzorging en opgefrist Heit en helemaal niks meer moet kijken en dan vertrekken met de wagen Hè wat moeilijkerWat betekent Oostende Of op een camping gestoord zijn hè hè ik zal dus morgen komen halen hè","GOOGLE_NL_FR","48"
"139","moeders ik zal morgen mijn unieke wel een stap gemak en de zeer de en dat publiek lang en in een tijd ook af dat kan ik heb lausanne de maar ja moet wel zeker niet als mijn moeder en op de zie je gewoon niet eten mee te nemen dat daarna met ik met iets en dan moet de zeker niet de eten en en zeker iets vloeken je hoeft te zijn mee om te zones en bij in een zones waar op de de we zullen misschien best vertrek in een als de de thuis verzorging absorbeert je bij opgefrist en en niks naar moet kijken en dan zullen werd trekken met met tabula nee met pantein is wel moeilijk in uur wat wat was er eigenlijk naar toe en de zie in tuin of door een er ook beneden in een gewoon een mag te lang op een kamp en store en dat zal met keer kwam ik heb plezant stenen hem in de ik zou dus morgen commando en en ","VOSK_SMALL","48"
"140","moet je dus uh <unk> de zeer uh <unk> wier lang geleden hè uh wat hè <unk> heb hè uhm maar ja <unk> en uh als m'n moeder <unk> zie je gewoon niet vergeten mee te nemen dat zij na een <unk> medicijn en daar moeten zeker niet vergeten en een ziekenhuisgroep u hoeft te zijn nee was de zones en in belgie in een zone slag op <unk> en we zullen misschien best vertrekken <unk> als de tros verzoeningen <unk> uh <unk> moet kijken en dan zullen we <unk> met dat <unk> met een trein is moeilijk voor u uhm <unk> was er eigenlijk nog <unk> te lang op een kamp in <unk> <unk> zijn hè de x had dus morgen <unk> hè ","VOSK_BIG","48"
"149","Zullen we morgen naar de zee gaan anders ook meegaan Ik zou dat misschien zelf aan Oostende dat zo makkelijk dan kunnen we met een trein zandbak rond een uur of 9 en zijn we er al dicht tegen 10 uur dus je allemaal nodig misschien en pakt hij ook handdoeken mee en parasol zwembroek en zo ja voor de rest boek Zoiets jaetiket van bestellen AZ ik gewoon 's ochtends eerst gewoon naar het strand gaan en dan de middag daar ergens iets zoeken voor te eten en dan komen we 's middags nog zien als het rondwandelen en als meevalt op strand te gaan liggen dan wel en dan pakken we tegen een uur of 5-6 nier","GOOGLE_ENKEL_NL_BE","49"
"150","Zullen we morgen naar de zee gaan anders ook meegaan Ik zou dat misschien zelf aan Oostende dat zo makkelijk dan kunnen we met een trein zandbak rond een uur of 9 en zijn we er al dicht tegen 10 uur dus je allemaal nodig misschien en pakt hij ook handdoeken mee en parasol zwembroek en zo ja voor de rest boek Zoiets jaetiket van bestellen AZ ik gewoon 's ochtends eerst gewoon naar het strand gaan en dan de middag daar ergens iets zoeken voor te eten en dan komen we 's middags nog zien als het rondwandelen en als meevalt op strand te gaan liggen dan wel en dan pakken we tegen een uur of 5-6 nier","GOOGLE_NL_FR","49"
"151","ze door moet ik dan zeker aan anders ze ontspanning hoe beheren ik zal ik dacht misschien zou aanstaande gemakkelijk te kunnen hoe met een training gaan zijn pakken rond een uur of negen dan zijn we dan al dat je je tien uur de zal hebben allemaal is misschien lunch en pakte jij ook handdoeken mee aan parasol broek en zo voor de een boek soort ziek is zijn de bestellen ook ik gewoon 's ochtends eerst naar het strand gaan dan op de middag daarbij is het zoeken voor tieten en dan komen 's middags nog zien als te warm en rondwandelen niveau te trekken op het strand liggen en met allemaal en dan pakken we hier een minuut of vijf drie en tracks niet goed ","VOSK_SMALL","49"
"152","dan zie je aan alles uhm ze voorspellingen hoe myra ik dacht misschien zou aan aanstaande was gemakkelijk te kunnen oo met een trainer gaan uhm zwempakken aanpakken rond een uur of negen dan zijn we dan al dat je tegen tien uur uhm ze jou wel allemaal nodig misschien uhm lunch en pakte jij ook handdoeken mee aan parasol uhm zwembroek enzo ja voor de rest een boek zoiets kikkers ja <unk> stellen uhm aan zulke gewone ochtends is het naar het strand gaan en dan raam op de middag daar ergens iets zoeken voor eten en hun komen 's middags nog zien als te warm is gaan behoren gaan rondwandelen en als het meevalt <unk> met allemaal en dan pakken we het hier in een uur of vijf <unk> <unk> ","VOSK_BIG","49"
"129","zeg ze geven morgen weer het zo me de kinderen alles goed","GOOGLE_ENKEL_NL_BE","51"
"130","c'est qui c'est qui va manger chez maman","GOOGLE_NL_FR","51"
"131","zo zie je morgen roeren het somalië bekende hadden nog wat strengere na kunt door slaap je wanneer men een wandeling schumann man links en allemaal zou het water gaan we prijzen ","VOSK_SMALL","51"
"132","ze gingen we morgenvroeg weer het zomaar i kinderen arnold mat stranger nou kunt door slaat charlene in een <unk> <unk> rotterdam page a","VOSK_BIG","51"
"141","Haha dat meertje rest zeg geven morgen weten we ook zoiets van het strand gaan met je mee kan want is niet makkelijk zit dan en zo van die dingen sowieso Ik kom eraan makkelijkste voor hier zeg We kunnen toch achter achter dat inspireert je halen en te doen aan de voetjes en ja kom morgen halen","GOOGLE_ENKEL_NL_BE","52"
"142","Haha dat meertje rest zeg geven morgen weten we ook zoiets van het strand gaan met je mee kan want is niet makkelijk zit dan en zo van die dingen sowieso Ik kom eraan makkelijkste voor hier zeg We kunnen toch achter achter dat inspireert je halen en te doen aan de voetjes en ja kom morgen halen","GOOGLE_NL_FR","52"
"143","dacht meertje rest slechts vier vanmorgen roeien rutte we zullen je dan zie je zitten vol met een pak onder een je mee gaan rennen door het stoeltje meer paar allemaal komt dus die alle de makkelijk zit dan gemak recht ik het graag van dienst zo heel mooi commando gaan komen wonen makkelijkste hier zij bekend om achter achter glas inmiddels hutjes en ah to go go go go te doen aan de hoedjes en nacht voor alle tom organen halen daarna","VOSK_SMALL","52"
"144","<unk> adar meertje rest zeg zeer vanmorgen alweer rutte aan we ook puistjes zul je dat <unk> uh <unk> die uh alle daar ja daar ja makkelijk zit dan naar je <unk> -rechten kut <unk> waarvan hij diens sowieso <unk> monique commando <unk> dost gemakkelijkste gemakkelijkst hier zij aan moet kunnen tom architect achter dagklassement als voetjes in uh in zeer charlene atag hadden gaf de god gortig doelman voetjes <unk> wel alle kon jou en tot morgen naalden a","VOSK_BIG","52"
"145","Herman Wat denk je ervan Zullen we morgen niet naar de zee gaan we kunnen niet snel bredere gaan eens kijken hoe dat het dan met de trein om 8 uur pakken kunnen krijgen daarom zo pakken en dan zo met een naar Oostende naar eerst naar Gent en dan van Gent naar Oostende gaan en dan van een met een tram naar Bredene we moeten wij niet veel meer pakken hè enkel misschien rugzakken met wat drinken en nadien kunnen we kunnen we eerste wandeling want dan gaan kijken naar de camping en zo dat dat daar is en dan terug naar huis komen of eerst nog iets gaan eten we kunnen jullie nog stunten ook afgesloten vies Mechelen en wat vies meebrengen Wat denkt ze zullen we dat doen morgen Oké ja dat is goed","GOOGLE_ENKEL_NL_BE","53"
"146","Herman Wat denk je ervan Zullen we morgen niet naar de zee gaan we kunnen niet snel bredere gaan eens kijken hoe dat het dan met de trein om 8 uur pakken kunnen krijgen daarom zo pakken en dan zo met een naar Oostende naar eerst naar Gent en dan van Gent naar Oostende gaan en dan van een met een tram naar Bredene we moeten wij niet veel meer pakken hè enkel misschien rugzakken met wat drinken en nadien kunnen we kunnen we eerste wandeling want dan gaan kijken naar de camping en zo dat dat daar is en dan terug naar huis komen of eerst nog iets gaan eten we kunnen jullie nog stunten ook afgesloten vies Mechelen en wat vies meebrengen Wat denkt ze zullen we dat doen morgen Oké ja dat is goed","GOOGLE_NL_FR","53"
"147"," ze man wat denkt u van ze hadden we morgen gaan we kunnen nu snel britten een eens kijken omdat het dan met de cadeau van is wat denkt de column met de drempel lag te pakken kunnen de training daar daarom mollen pakken en dan zo met de waar austen eerst nog gent en appartement nabestaanden en dan wel een stem met een droom bredere waar moeten wij niet veel meer pakken nee enkel misschien een rugzak mijn wat drankje en dat die kunnen we eenmaal in bredere kunnen we eerst winkel wel wandeling links kunnen doen de kunnen gaan kijken of de camping en zin omdat dat de ritsen en dan terug naar huis komen of nog gewoon eten en en nam we kunnen één stemde ook efkes dat de mijn hoofd en advies meebrengen wat denkt je zowel toe woningen oké casco ","VOSK_SMALL","53"
"148","<unk> wat denkt u van zullen we morgen in orde zeegang we kunnen niet snel brinkman en ze kijken omdat ze het dan met de karel van onze <unk> kunnen trenin daar een monnik pakken en dan zo met een noordoosten nog eerst naar gent en <unk> van gent naar een <unk> en dan uh honderdste met een tram- north bredere moet wij niet veel meepakken nee enkel misschien een rugzakken met wat drankje en al die kunnen we in <unk> uh inbreng kinderen kunnen we <unk> de gaan kijken hoor de kampeer- en <unk> dan ritsen en dan terug naar komen of is nog iets gaan eten hè annan we kunnen in austin ook efkes tot een faillissement wou er koffies meebrengen worthington zou worden oké ja das <unk> ","VOSK_BIG","53"
"153","Peter we willen morgen naar de zee gaan zodat ik er niet meer gaan bij ons lekker goed dan eens deugd doen grote niet Ik zal komen halen met een met een auto en dan kunnen we de auto parkeren in de mannen en vandaag met een trein via Gent naar Oostende tjoeke Venray en dan gewoon een goede frisse lucht van ons die te kunnen zien te kunnen voelen dan kunnen De Meeuwen kijken zitten gaat er allemaal gebeuren en dan kunnen we dan een dakdekker in de caravan blijven slapen Wat denkt het wel zitten Ik kom er zeker al is dat goed ja dag","GOOGLE_ENKEL_NL_BE","54"
"154","Peter we willen morgen naar de zee gaan zodat ik er niet meer gaan bij ons lekker goed dan eens deugd doen grote niet Ik zal komen halen met een met een auto en dan kunnen we de auto parkeren in de mannen en vandaag met een trein via Gent naar Oostende tjoeke Venray en dan gewoon een goede frisse lucht van ons die te kunnen zien te kunnen voelen dan kunnen De Meeuwen kijken zitten gaat er allemaal gebeuren en dan kunnen we dan een dakdekker in de caravan blijven slapen Wat denkt het wel zitten Ik kom er zeker al is dat goed ja dag","GOOGLE_NL_FR","54"
"155","winters we hebben morgen naar de zeer kwam zal de kunt niet meer ambiance en gewoon lekker de goed hugo dan is het deugd toe wat denk de we moeten niet te veel problemen op maak ik zal komen wonen met een met de lotto en dan kunnen we doen de parkeren in in mannen en van door met een trein naar via hemd maar als stemde waal lukken en dan gooi ik ben een goede frisse lucht van anders die te kunnen ze te kunnen voelen de kunnen op de meer bekijken zit ik heb toch al keer mee en dan kunnen we het wel een dax in de kader van blijven slapen wat denkt u ziet er was zitten ik kom als meldingen zeker al is daar cool ","VOSK_SMALL","54"
"156","pinters we we morgen een zeer gram mail ons dan hanneke de goed god gokken is deugt toen wat denken grote problemen ik <unk> een <unk> met <unk> en dan kunnen we het parkeren in in <unk> en vandaar met een trein nou via agent naar oostende <unk> dag op hè en dan genoeg frisse lucht van anders dier te kunnen ze te kunnen voelen de knop de we kijken de <unk> rené en dan kunnen we daar in de van wij verslappen wat denken ze daar was ik kom als morgen zeker al is dat ja ","VOSK_BIG","54"
"157","camera Ik heb je zin om naar PG dat we de fietsen meenemen achterop de wagen en vertrekken in Oostende dan kunnen we een lange dagtocht maken onderweg middag stoppen met kleine lunch en 's avonds voor vertrek naar huis kunnen we eerst nog op rechtdoor gaan om te dineren moeten zien denk ik nou wel of ze meedoen en ook een beetje proviand voor als onderweg ging kleine broertje krijgen en we zien wel kunnen vandaag eens kijken om een tocht uit te zetten op onze GPS maar morgen kunnen we eventueel nog zien of die toch nog wat aanpassen goed idee","GOOGLE_ENKEL_NL_BE","55"
"158","camera Ik heb je zin om naar PG dat we de fietsen meenemen achterop de wagen en vertrekken in Oostende dan kunnen we een lange dagtocht maken onderweg middag stoppen met kleine lunch en 's avonds voor vertrek naar huis kunnen we eerst nog op rechtdoor gaan om te dineren moeten zien denk ik nou wel of ze meedoen en ook een beetje proviand voor als onderweg ging kleine broertje krijgen en we zien wel kunnen vandaag eens kijken om een tocht uit te zetten op onze GPS maar morgen kunnen we eventueel nog zien of die toch nog wat aanpassen goed idee","GOOGLE_NL_FR","55"
"159"," ik ben je weer normaal mijn flink tegenaan nette kamer met dat met een chique zijn meenemen de hebben en vertrek en en dan staan en kennen maar aan het daar gekocht maar een keer om de geweest op een beetje min of meer de middag stoppen met nog een klein nabij münchen en staan voor uw vertrek naar huis kunnen we eerst maar ophef toen eraan om te dineren terwijl de zien denk ik wel rondzwemt juist meer doen en ook een beetje proviand voor de ook zonder en regio klein hondje krijgen en we zien wel kunnen van daar is kijken om een toch kuikens hebt een op onze hippie juist man behoren kunnen we eventueel nog zien of verdient toch nog wel aanpassen bij te document idee ","VOSK_SMALL","55"
"160","<unk> ik hier nog maar google ja maar meer meer meer meer stopt dankbaar aan kleiner henk en <unk> naar huis kunnen we eerst maar op <unk> aan om te dineren <unk> zwemt jasje meer doen en ook een beetje of jan zonder en wij gingen kleine <unk> krijgen <unk> en we zien wou uhm kunnen vandaag kijken om een tocht uit te zetten op onze jp hè maar mori kunnen eventueel nog zien of die toch nog wel aan <unk> <unk>","VOSK_BIG","55"
"133","dag oma ik heb zin om met je morgen naar zee te gaan denk je dat een goed idee we gaan op om 9 uur en we rijden met de wagen naar Nieuwpoort daar kunnen we rustig op de dijk wandelen en van een koffietje genieten en 's middags gaan we lekker samen lunchen wanneer het nog leuk voor jou dan kunnen we in de namiddag wat kuieren langs de winkels of een terrasje doen op de dijk te voorspellen mooi weer dus ik kan lichte kledij aandoen en makkelijke schoenen maar neem zeker ook poedertje mee want de zeebries kan soms wat kouder aanvoelen maar lijkt het alvast een tof idee en wat zeg je ga je mee","GOOGLE_ENKEL_NL_BE","56"
"134","dag oma ik heb zin om met je morgen naar zee te gaan denk je dat een goed idee we gaan op om 9 uur en we rijden met de wagen naar Nieuwpoort daar kunnen we rustig op de dijk wandelen en van een koffietje genieten en 's middags gaan we lekker samen lunchen wanneer het nog leuk voor jou dan kunnen we in de namiddag wat kuieren langs de winkels of een terrasje doen op de dijk te voorspellen mooi weer dus ik kan lichte kledij aandoen en makkelijke schoenen maar neem zeker ook poedertje mee want de zeebries kan soms wat kouder aanvoelen maar lijkt het alvast een tof idee en wat zeg je ga je mee","GOOGLE_NL_FR","56"
"135","aangeboden ik heb stemmen omdat je woning en mensen ik heb je wel tegenover dit dieet ik pik je dan ook je nu doet en wij hebben met naar manier pubers kunnen we er een stukje op de de hekken wandelen en van een koffertje je niet en 's middags gaan we lekker samen lunchen manieren nog gelukt de ik dan kunnen we in namiddag maar turkije langs de winkels of een terrassen doe een oproep deed spellen mooie mee eens dus je kan lichte club aan doen en makkelijke schoenen maar neem zeker ook door dutch meer wat zeer bridge kan soms wat koude ouders worden mij lijkt dat de dood was ook tof ik die en maar ik krijg je hem heen ","VOSK_SMALL","56"
"136","<unk> <unk> <unk> dit biedt dan ook om negen uur en dan waargemaakt nieuw toerist heb kunnen rustig op de dijk wandelen en van een koffertje genieten en 's middags ga lekker schrale <unk> manieren nog <unk> dan kunnen we in een amin dat keien langs de <unk> of een terrasje <unk> op de dijk <unk> de kledij aandoen en makkelijke schoenen maar zeker een <unk> wat kouder aanvoelen mij lijkt het al tot <unk> en krijgt hij mee ","VOSK_BIG","56"